<?xml version="1.0" encoding="utf-8"?>

<data>
	
     <li data-address="local1" class="playlistNonSelected" data-type='local' data-mp4Path='../media/video/1/main/01.mp4' data-ogvPath='../media/video/1/main/01.ogv' data-webmPath='../media/video/1/main/01.webm' data-imagePath='../media/video/1/main/01.jpg' data-description="<span class='infoTitle'>Nulla mauris justo</span><br/><br/>Ullamcorper nec, sollicitudin a, blandit ut, metus. Ut quis velit. Maecenas magna dui, laoreet ac, malesuada quis, blandit vitae, leo. Mauris blandit mollis eros. Maecenas porttitor varius odio. Nunc auctor gravida odio. Sed ac ante viverra dolor suscipit gravida. Vestibulum accumsan enim nec ipsum. Nunc cursus sapien. Etiam fermentum luctus arcu. Curabitur vitae velit eget nisl ornare sollicitudin. Etiam vitae erat. Integer sapien. Vivamus non massa non est consequat pulvinar. Suspendisse accumsan interdum odio. Suspendisse egestas elit in metus. Nam faucibus. Aenean dictum. Nunc libero. Fusce tellus justo, sagittis sollicitudin, ultricies et, lacinia quis, diam. Vestibulum id nibh sed turpis laoreet blandit. Class aptent taciti sociosqu ad litora torquent per conubia nostra, per inceptos himenaeos. Mauris consequat. Quisque leo erat, egestas quis, pellentesque eu, suscipit sit amet, sem. Proin dapibus enim id nibh. Fusce diam. Duis sagittis erat eget est. Nam pulvinar egestas elit. Quisque turpis nisl, ornare eu, ultrices eu, sodales sit amet, neque. Quisque id dui non mauris congue venenatis. Praesent cursus, ipsum sed hendrerit sollicitudin, lacus orci gravida orci, nec convallis tellus ligula vulputate risus. Phasellus arcu. Sed commodo sapien rutrum nulla. Donec dictum lectus vel purus. Cras massa nisi, ultrices nec, bibendum eu, mollis in, nibh. Fusce tempus, elit non egestas mattis, ligula neque tincidunt nisl, in aliquam neque dui ut diam. Pellentesque aliquam fermentum leo. Proin placerat sollicitudin nisi. Sed at diam eu nisl feugiat tempor. Pellentesque non leo.&nbsp;&nbsp;&nbsp;&nbsp;&nbsp;<a href='http://www.flashtuning.net' target='_blank'>Link</a>"><div class="playlistThumb"><img class='thumb' src='../media/video/1/preview/01.jpg' width='120' height='68' alt=''/></div><div class='playlistInfo'><p><span class='playlistTitle'>Video title number one</span><br><span class="playlistContent">Ullamcorper nec, sollicitudin a, blandit ut, metus. Ut quis velit.</span></p></div></li>

     <li data-address="local2" class="playlistNonSelected" data-type='local' data-mp4Path='../media/video/1/main/02.mp4' data-ogvPath='../media/video/1/main/02.ogv' data-webmPath='../media/video/1/main/02.webm' data-imagePath='../media/video/1/main/02.jpg' data-description="<span class='infoTitle'>Nulla mauris justo</span><br/><br/>Ullamcorper nec, sollicitudin a, blandit ut, metus. Ut quis velit. Maecenas magna dui, laoreet ac, malesuada quis, blandit vitae, leo. Mauris blandit mollis eros. Maecenas porttitor varius odio. Nunc auctor gravida odio. Sed ac ante viverra dolor suscipit gravida. Pellentesque non leo.&nbsp;&nbsp;&nbsp;&nbsp;&nbsp;<a href='http://www.flashtuning.net' target='_blank'>Link</a>"><div class="playlistThumb"><img class='thumb' src='../media/video/1/preview/02.jpg' width='120' height='68' alt=''/></div><div class='playlistInfo'><p><span class='playlistTitle'>Video title number two</span><br><span class="playlistContent">Mauris blandit mollis eros. Maecenas porttitor varius odio.</span></p></div></li>
	 
     <li data-address="local3" class="playlistNonSelected" data-type='local' data-mp4Path='../media/video/1/main/03.mp4' data-ogvPath='../media/video/1/main/03.ogv' data-webmPath='../media/video/1/main/03.webm' data-imagePath='../media/video/1/main/03.jpg' data-description="<span class='infoTitle'>Nulla mauris justo</span><br/><br/>Mauris ullamcorper velit at metus. Aenean elementum malesuada neque. Vivamus urna. Duis auctor. Donec nec turpis nec sem volutpat pulvinar. Proin id dui sed mi dictum dictum. Aliquam erat volutpat. Nunc eget urna ut velit volutpat rhoncus. In blandit. Sed fermentum pharetra massa. Fusce imperdiet. Praesent consectetur, mauris vitae ultricies pretium, dui ante aliquam nibh, et molestie felis eros eu quam. Pellentesque non leo.&nbsp;&nbsp;&nbsp;&nbsp;&nbsp;<a href='http://www.flashtuning.net' target='_blank'>Link</a>"><div class="playlistThumb"><img class='thumb' src='../media/video/1/preview/03.jpg' width='120' height='68' alt=''/></div><div class='playlistInfo'><p><span class='playlistTitle'>Video title number three</span><br><span class="playlistContent">Sed fermentum pharetra massa. Fusce imperdiet. Praesent consectetur, mauris vitae ultricies pretium.</span></p></div></li>
	 
	 <li data-address="local4" class="playlistNonSelected" data-type='local' data-mp4Path='../media/video/1/main/04.mp4' data-ogvPath='../media/video/1/main/04.ogv' data-webmPath='../media/video/1/main/04.webm' data-imagePath='../media/video/1/main/04.jpg' data-description="<span class='infoTitle'>Nulla mauris justo</span><br/><br/>Suspendisse ullamcorper tristique eros. Donec eros tellus, sagittis ac, mattis ac, aliquam quis, lacus. Sed risus risus, tristique id, fringilla suscipit, convallis eget, quam. Ut vel urna. Nullam vitae est. Sed ornare nisl eu ipsum. Maecenas sed sem. Duis lacus diam, mollis et, ornare et, bibendum quis, metus. Duis viverra. Donec mi purus, iaculis id, placerat congue, hendrerit nec, leo. Curabitur scelerisque nisl et mi aliquam rhoncus. Aliquam mollis tincidunt nulla. Vivamus at diam eu diam bibendum laoreet. In hac habitasse platea dictumst. Nunc vulputate est vitae lectus. Fusce quis massa eu sapien luctus vestibulum. Mauris pretium massa id quam. Proin hendrerit, arcu sed consequat egestas, diam nunc pretium urna, mollis commodo nisl erat eget neque. Pellentesque non leo.&nbsp;&nbsp;&nbsp;&nbsp;&nbsp;<a href='http://www.flashtuning.net' target='_blank'>Link</a>"><div class="playlistThumb"><img class='thumb' src='../media/video/1/preview/04.jpg' width='120' height='68' alt=''/></div><div class='playlistInfo'><p><span class='playlistTitle'>Video title number four</span><br><span class="playlistContent">Curabitur scelerisque nisl et mi aliquam rhoncus. Aliquam mollis tincidunt nulla. Vivamus at diam eu diam bibendum laoreet.</span></p></div></li>
	 
	 <li data-address="local5" class="playlistNonSelected" data-type='local' data-mp4Path='../media/video/1/main/05.mp4' data-ogvPath='../media/video/1/main/05.ogv' data-webmPath='../media/video/1/main/05.webm' data-imagePath='../media/video/1/main/05.jpg' data-description="<span class='infoTitle'>Nulla mauris justo</span><br/><br/>Ullamcorper nec, sollicitudin a, blandit ut, metus. Ut quis velit. Maecenas magna dui, laoreet ac, malesuada quis, blandit vitae, leo. Mauris blandit mollis eros. Maecenas porttitor varius odio. Nunc auctor gravida odio. Sed ac ante viverra dolor suscipit gravida. Pellentesque non leo.&nbsp;&nbsp;&nbsp;&nbsp;&nbsp;<a href='http://www.flashtuning.net' target='_blank'>Link</a>"><div class="playlistThumb"><img class='thumb' src='../media/video/1/preview/05.jpg' width='120' height='68' alt=''/></div><div class='playlistInfo'><p><span class='playlistTitle'>Video title number five</span><br><span class="playlistContent">Nunc auctor gravida odio. Sed ac ante viverra dolor suscipit gravida.</span></p></div></li>
	 
	 <li data-address="local6" class="playlistNonSelected" data-type='local' data-mp4Path='../media/video/1/main/06.mp4' data-ogvPath='../media/video/1/main/06.ogv' data-webmPath='../media/video/1/main/06.webm' data-imagePath='../media/video/1/main/06.jpg' data-description="<span class='infoTitle'>Nulla mauris justo</span><br/><br/>Ullamcorper nec, sollicitudin a, blandit ut, metus. Ut quis velit. Maecenas magna dui, laoreet ac, malesuada quis, blandit vitae, leo. Mauris blandit mollis eros. Maecenas porttitor varius odio. Nunc auctor gravida odio. Sed ac ante viverra dolor suscipit gravida. Pellentesque non leo.&nbsp;&nbsp;&nbsp;&nbsp;&nbsp;<a href='http://www.flashtuning.net' target='_blank'>Link</a>"><div class="playlistThumb"><img class='thumb' src='../media/video/1/preview/06.jpg' width='120' height='68' alt=''/></div><div class='playlistInfo'><p><span class='playlistTitle'>Video title number six</span><br><span class="playlistContent">Sed ac ante viverra dolor suscipit gravida. Pellentesque non leo.</span></p></div></li>
	 
	 <li data-address="local7" class="playlistNonSelected" data-type='local' data-mp4Path='../media/video/1/main/07.mp4' data-ogvPath='../media/video/1/main/07.ogv' data-webmPath='../media/video/1/main/07.webm' data-imagePath='../media/video/1/main/07.jpg' data-description="<span class='infoTitle'>Nulla mauris justo</span><br/><br/>Suspendisse ullamcorper tristique eros. Donec eros tellus, sagittis ac, mattis ac, aliquam quis, lacus. Sed risus risus, tristique id, fringilla suscipit, convallis eget, quam. Ut vel urna. Nullam vitae est. Sed ornare nisl eu ipsum. Maecenas sed sem. Duis lacus diam, mollis et, ornare et, bibendum quis, metus. Duis viverra. Donec mi purus, iaculis id, placerat congue, hendrerit nec, leo. Curabitur scelerisque nisl et mi aliquam rhoncus. Aliquam mollis tincidunt nulla. Vivamus at diam eu diam bibendum laoreet. In hac habitasse platea dictumst. Nunc vulputate est vitae lectus. Fusce quis massa eu sapien luctus vestibulum. Mauris pretium massa id quam. Proin hendrerit, arcu sed consequat egestas, diam nunc pretium urna, mollis commodo nisl erat eget neque. Pellentesque non leo.&nbsp;&nbsp;&nbsp;&nbsp;&nbsp;<a href='http://www.flashtuning.net' target='_blank'>Link</a>"><div class="playlistThumb"><img class='thumb' src='../media/video/1/preview/07.jpg' width='120' height='68' alt=''/></div><div class='playlistInfo'><p><span class='playlistTitle'>Video title number seven</span><br><span class="playlistContent">In hac habitasse platea dictumst. Nunc vulputate est vitae lectus.</span></p></div></li>
	 
	 <li data-address="local8" class="playlistNonSelected" data-type='local' data-mp4Path='../media/video/1/main/01.mp4' data-ogvPath='../media/video/1/main/01.ogv' data-webmPath='../media/video/1/main/01.webm' data-imagePath='../media/video/1/main/01.jpg' data-description="<span class='infoTitle'>Nulla mauris justo</span><br/><br/>Ullamcorper nec, sollicitudin a, blandit ut, metus. Ut quis velit. Maecenas magna dui, laoreet ac, malesuada quis, blandit vitae, leo. Mauris blandit mollis eros. Maecenas porttitor varius odio. Nunc auctor gravida odio. Sed ac ante viverra dolor suscipit gravida. Pellentesque non leo.&nbsp;&nbsp;&nbsp;&nbsp;&nbsp;<a href='http://www.flashtuning.net' target='_blank'>Link</a>"><div class="playlistThumb"><img class='thumb' src='../media/video/1/preview/01.jpg' width='120' height='68' alt=''/></div><div class='playlistInfo'><p><span class='playlistTitle'>Video title number eight</span><br><span class="playlistContent">Pellentesque habitant morbi tristique senectus et netus et malesuada fames ac turpis egestas.</span></p></div></li>
	 
	 <li data-address="local9" class="playlistNonSelected" data-type='local' data-mp4Path='../media/video/1/main/02.mp4' data-ogvPath='../media/video/1/main/02.ogv' data-webmPath='../media/video/1/main/02.webm' data-imagePath='../media/video/1/main/02.jpg' data-description="<span class='infoTitle'>Nulla mauris justo</span><br/><br/>Aenean egestas. Donec vel sapien ultrices lorem laoreet viverra. Curabitur molestie gravida nisi. Vivamus elementum scelerisque lectus. Etiam interdum, nisi vel adipiscing gravida, leo tortor placerat ipsum, a eleifend velit tortor id ligula. Etiam quis leo a velit mollis vestibulum. Morbi consequat, odio eget feugiat mollis, enim erat dignissim ipsum, eget vehicula sapien metus non massa. Aliquam aliquet sagittis ligula. Sed adipiscing sodales ipsum. Mauris orci ligula, commodo vitae, commodo in, tempor eu, urna. Etiam justo ipsum, gravida vitae, tristique sed, porttitor ac, ipsum. Maecenas elit lectus, elementum id, fermentum eget, accumsan ac, quam. Duis lacinia urna ac nisi. Cras bibendum. In hac habitasse platea dictumst. Morbi iaculis volutpat dui. Pellentesque non leo.&nbsp;&nbsp;&nbsp;&nbsp;&nbsp;<a href='http://www.flashtuning.net' target='_blank'>Link</a>"><div class="playlistThumb"><img class='thumb' src='../media/video/1/preview/02.jpg' width='120' height='68' alt=''/></div><div class='playlistInfo'><p><span class='playlistTitle'>Video title number nine</span><br><span class="playlistContent">Commodo vitae, commodo in, tempor eu, urna. Etiam justo ipsum maecenas nec tellus.</span></p></div></li>
	
</data>
