<?xml version="1.0" encoding="utf-8"?>

<data>
	
	 <li data-address="local1" class="playlistNonSelected" data-type='local' data-mp4Path='../media/video/1/main/01.mp4' data-ogvPath='../media/video/1/main/01.ogv' data-webmPath='../media/video/1/main/01.webm' data-imagePath='../media/video/1/main/01.jpg' data-description="<span class='infoTitle'>Nulla mauris justo</span><br/><br/>Ullamcorper nec, sollicitudin a, blandit ut, metus. Ut quis velit. Maecenas magna dui, laoreet ac, malesuada quis, blandit vitae, leo. Mauris blandit mollis eros. Maecenas porttitor varius odio. Nunc auctor gravida odio. Sed ac ante viverra dolor suscipit gravida. Vestibulum accumsan enim nec ipsum. Nunc cursus sapien. Etiam fermentum luctus arcu. Curabitur vitae velit eget nisl ornare sollicitudin. Etiam vitae erat. Integer sapien. Vivamus non massa non est consequat pulvinar. Suspendisse accumsan interdum odio. Suspendisse egestas elit in metus. Nam faucibus. Aenean dictum. Nunc libero. Fusce tellus justo, sagittis sollicitudin, ultricies et, lacinia quis, diam. Vestibulum id nibh sed turpis laoreet blandit. 
Class aptent taciti sociosqu ad litora torquent per conubia nostra, per inceptos himenaeos. Mauris consequat. Quisque leo erat, egestas quis, pellentesque eu, suscipit sit amet, sem. Proin dapibus enim id nibh. Fusce diam. Duis sagittis erat eget est. Nam pulvinar egestas elit. Quisque turpis nisl, ornare eu, ultrices eu, sodales sit amet, neque. Quisque id dui non mauris congue venenatis. Praesent cursus, ipsum sed hendrerit sollicitudin, lacus orci gravida orci, nec convallis tellus ligula vulputate risus. Phasellus arcu. Sed commodo sapien rutrum nulla. Donec dictum lectus vel purus. Cras massa nisi, ultrices nec, bibendum eu, mollis in, nibh. Fusce tempus, elit non egestas mattis, ligula neque tincidunt nisl, in aliquam neque dui ut diam. Pellentesque aliquam fermentum leo. Proin placerat sollicitudin nisi. Sed at diam eu nisl feugiat tempor. Pellentesque non leo.&nbsp;&nbsp;&nbsp;&nbsp;&nbsp;<a href='http://www.flashtuning.net' target='_blank'>Link</a>"><div class="playlistThumb"><img class='thumb' src='../media/video/1/preview/01.jpg' width='120' height='68' alt=''/></div><div class='playlistInfo'><p><span class='playlistTitle'>Video title number one</span><br><span class="playlistContent">Commodo vitae, commodo in, tempor eu, urna. Etiam justo ipsum maecenas nec tellus.</span></p></div></li>

	 <li data-address="local2" class="playlistNonSelected" data-type='local' data-mp4Path='../media/video/1/main/02.mp4' data-ogvPath='../media/video/1/main/02.ogv' data-webmPath='../media/video/1/main/02.webm' data-imagePath='../media/video/1/main/02.jpg' data-description="<span class='infoTitle'>Nulla mauris justo</span><br/><br/>Ullamcorper nec, sollicitudin a, blandit ut, metus. Ut quis velit. Maecenas magna dui, laoreet ac, malesuada quis, blandit vitae, leo. Mauris blandit mollis eros. Maecenas porttitor varius odio. Nunc auctor gravida odio. Sed ac ante viverra dolor suscipit gravida. Pellentesque non leo.&nbsp;&nbsp;&nbsp;&nbsp;&nbsp;<a href='http://www.flashtuning.net' target='_blank'>Link</a>"><div class="playlistThumb"><img class='thumb' src='../media/video/1/preview/02.jpg' width='120' height='68' alt=''/></div><div class='playlistInfo'><p><span class='playlistTitle'>Video title number two</span><br><span class="playlistContent">Vestibulum accumsan enim nec ipsum. Nunc cursus sapien. Commodo vitae, commodo in, tempor eu, urna. Etiam justo ipsum maecenas nec tellus.</span></p></div></li>
	 
	 <li data-address="youtube_single1" class='playlistNonSelected' data-type='youtube_single' data-mp4Path="F08U2yCxbYg" ></li>
	 <li data-address="youtube_single2" class='playlistNonSelected' data-type='youtube_single' data-mp4Path="jXSxzMTrKq0" ></li>

	 <li data-address="youtube_playlist" class= "playlistNonSelected" data-type='youtube_playlist' data-mp4Path="PL18D7B402EBCEF582"></li> 
	
</data>
