<?xml version="1.0" encoding="utf-8"?>

<data>
	
	 <li data-hook='prettyPhoto[gallery2]' data-link='http://vimeo.com/14665315' class='playlistNonSelected' data-type='youtube_single' data-mp4Path="u8WQeJ2Ajes" ></li>
	 <li data-hook='prettyPhoto[gallery2]' data-link='http://www.youtube.com/watch?v=F08U2yCxbYg' class='playlistNonSelected' data-type='youtube_single' data-mp4Path="F08U2yCxbYg" ></li>
	 <li data-link='http://www.flashtuning.net' class='playlistNonSelected' data-type='youtube_single' data-mp4Path="jXSxzMTrKq0" ></li>
	 <li class='playlistNonSelected' data-type='youtube_single' data-mp4Path="NY-4XAQR_uk" ></li>
	 <li data-hook='prettyPhoto[gallery2]' data-link='http://vimeo.com/35386989' class='playlistNonSelected' data-type='youtube_single' data-mp4Path="ytuM8-09R-I" ></li>
	 <li data-hook='prettyPhoto[gallery2]' data-link='&#35;inline-2' class='playlistNonSelected' data-type='youtube_single' data-mp4Path="juzkbmuQEc4" ></li>
	 <li class='playlistNonSelected' data-type='youtube_single' data-mp4Path="sMLu2odYzhI" ></li>
	 <li data-hook='prettyPhoto[gallery2]' data-link='../media/video/xhr_response.html?ajax=true&width=325&height=185' class='playlistNonSelected' data-type='youtube_single' data-mp4Path="1jzApuEW0U4" ></li>
	 <li data-link='http://www.flashtuning.net/portfolio' class='playlistNonSelected' data-type='youtube_single' data-mp4Path="P3FKCwAL904" ></li>
	
</data>
