<?xml version="1.0" encoding="utf-8"?>

<data>
	
	 <li data-hook='prettyPhoto[gallery1]' data-link='http://vimeo.com/14665315' class="playlistNonSelected" data-type='local' data-mp4Path='../media/video/1/wall/01.mp4' data-ogvPath='../media/video/1/wall/01.ogv' data-webmPath='../media/video/1/wall/01.webm' data-description="Sed at diam eu nisl feugiat tempor."><div class="playlistThumb"><img class='thumb' src='../media/video/1/preview/01.jpg' width='300' height='169' alt=''/></div><div class='playlistInfo'><p><span class='playlistTitle'>A vimeo video from envato</span></p></div></li>
	 
	 <li data-hook='prettyPhoto[gallery1]' data-link='http://www.youtube.com/watch?v=F08U2yCxbYg' class="playlistNonSelected" data-type='local' data-mp4Path='../media/video/1/wall/02.mp4' data-ogvPath='../media/video/1/wall/02.ogv' data-webmPath='../media/video/1/wall/02.webm' data-description="Nunc auctor gravida odio."><div class="playlistThumb"><img class='thumb' src='../media/video/1/preview/02.jpg' width='300' height='169' alt=''/></div><div class='playlistInfo'><p><span class='playlistTitle'>Some youtube video</span></p></div></li>
	 
	 <li data-link='http://www.flashtuning.net' class="playlistNonSelected" data-type='local' data-mp4Path='../media/video/1/wall/03.mp4' data-ogvPath='../media/video/1/wall/03.ogv' data-webmPath='../media/video/1/wall/03.webm' data-description="Ullamcorper nec, sollicitudin a, blandit ut, metus. Ut quis velit."><div class="playlistThumb"><img class='thumb' src='../media/video/1/preview/03.jpg' width='300' height='169' alt=''/></div><div class='playlistInfo'><p><span class='playlistTitle'>A simple link</span></p></div></li>
	 
	 <li class="playlistNonSelected" data-type='local' data-mp4Path='../media/video/1/wall/04.mp4' data-ogvPath='../media/video/1/wall/04.ogv' data-webmPath='../media/video/1/wall/04.webm' data-description="Sed ac ante viverra dolor suscipit gravida."><div class="playlistThumb"><img class='thumb' src='../media/video/1/preview/04.jpg' width='300' height='169' alt=''/></div><div class='playlistInfo'><p><span class='playlistTitle'>A callback</span></p></div></li>
	 
	 <li data-hook='prettyPhoto[gallery1]' data-link='&#35;inline-1' class="playlistNonSelected" data-type='local' data-mp4Path='../media/video/1/wall/05.mp4' data-ogvPath='../media/video/1/wall/05.ogv' data-webmPath='../media/video/1/wall/05.webm' data-description="Porttitor varius odio."><div class="playlistThumb"><img class='thumb' src='../media/video/1/preview/05.jpg' width='300' height='169' alt=''/></div><div class='playlistInfo'><p><span class='playlistTitle'>Inline content in Prettyphoto</span></p></div></li>
	 <li data-hook='prettyPhoto[gallery1]' data-link='http://vimeo.com/35386989' class="playlistNonSelected" data-type='local' data-mp4Path='../media/video/1/wall/06.mp4' data-ogvPath='../media/video/1/wall/06.ogv' data-webmPath='../media/video/1/wall/06.webm' data-description="Nunc auctor gravida odio. Sed ac ante viverra dolor suscipit gravida."><div class="playlistThumb"><img class='thumb' src='../media/video/1/preview/06.jpg' width='300' height='169' alt=''/></div><div class='playlistInfo'><p><span class='playlistTitle'>A vimeo video from envato</span></p></div></li>
	 
	 <li class="playlistNonSelected" data-type='local' data-mp4Path='../media/video/1/wall/07.mp4' data-ogvPath='../media/video/1/wall/07.ogv' data-webmPath='../media/video/1/wall/07.webm' data-description="Maecenas porttitor varius odio. Nunc auctor gravida odio."><div class="playlistThumb"><img class='thumb' src='../media/video/1/preview/07.jpg' width='300' height='169' alt=''/></div><div class='playlistInfo'><p><span class='playlistTitle'>Video title goes here</span></p></div></li>
	 
	 <li data-hook='prettyPhoto[gallery1]' data-link='../media/video/xhr_response.html?ajax=true&width=325&height=185' class="playlistNonSelected" data-type='local' data-mp4Path='../media/video/1/wall/01.mp4' data-ogvPath='../media/video/1/wall/01.ogv' data-webmPath='../media/video/1/wall/01.webm' data-description="Pellentesque non leo."><div class="playlistThumb"><img class='thumb' src='../media/video/1/preview/01.jpg' width='300' height='169' alt=''/></div><div class='playlistInfo'><p><span class='playlistTitle'>Content loaded with ajax</span></p></div></li>
	 
	 <li data-link='http://www.flashtuning.net/portfolio' class="playlistNonSelected" data-type='local' data-mp4Path='../media/video/1/wall/02.mp4' data-ogvPath='../media/video/1/wall/02.ogv' data-webmPath='../media/video/1/wall/02.webm' data-description="Maecenas magna dui, laoreet ac, malesuada quis, blandit vitae, leo."><div class="playlistThumb"><img class='thumb' src='../media/video/1/preview/02.jpg' width='300' height='169' alt=''/></div><div class='playlistInfo'><p><span class='playlistTitle'>A simple link</span></p></div></li>
	
</data>
