<?xml version="1.0" encoding="utf-8"?>

<data>
	
	 <li data-address="youtube_single1" class='playlistNonSelected' data-type='youtube_single' data-mp4Path="F08U2yCxbYg" ></li>
	 <li data-address="youtube_single2" class='playlistNonSelected' data-type='youtube_single' data-mp4Path="jXSxzMTrKq0" ></li>
	 <li data-address="youtube_single3" class='playlistNonSelected' data-type='youtube_single' data-mp4Path="NY-4XAQR_uk" ></li>
	 <li data-address="youtube_single4" class='playlistNonSelected' data-type='youtube_single' data-mp4Path="Ga3_ANRHoAI" ></li>
	 <li data-address="youtube_single5" class='playlistNonSelected' data-type='youtube_single' data-mp4Path="TmNEG8IFd_Y" ></li>
	 <li data-address="youtube_single6" class='playlistNonSelected' data-type='youtube_single' data-mp4Path="u8WQeJ2Ajes" ></li>
	 <li data-address="youtube_single7" class='playlistNonSelected' data-type='youtube_single' data-mp4Path="1jzApuEW0U4" ></li>
	 <li data-address="youtube_single8" class='playlistNonSelected' data-type='youtube_single' data-mp4Path="P3FKCwAL904" ></li>
	 <li data-address="youtube_single9" class='playlistNonSelected' data-type='youtube_single' data-mp4Path="ytuM8-09R-I" ></li>
	
</data>
